Workbook

Sheet Daily Cost Tracker
A1: Date | B1: AWS Service | C1: Operation Description | D1: Units Used | E1: Unit Cost ($) | F1: Total Cost ($) | G1: Notes/Learnings
A2: 45664 | B2: S3 | C2: Upload test documents | D2: 10 | E2: 0.005 | F2: =D2*E2 -> 0.05 | G2: Uploaded 10 sample invoices
A3: 45664 | B3: Textract | C3: OCR processing - invoices | D3: 15 | E3: 0.15 | F3: =D3*E3 -> 2.25 | G3: Tested on various invoice formats
A4: 45665 | B4: Lambda | C4: Document processing function | D4: 50 | E4: 2e-07 | F4: =D4*E4 -> 1e-05 | G4: Testing trigger from S3
A5: 45665 | B5: Comprehend | C5: Entity extraction | D5: 25 | E5: 0.0001 | F5: =D5*E5 -> 0.0025 | G5: Extracting vendor names, amounts
A7: TOTAL DEVELOPMENT COST | F7: =SUM(F2:F5) -> 2.30251

Sheet Cost Summary
A1: AWS Document Processing Pipeline - Cost Summary
A3: Development Phase Summary
A5: Category | B5: Estimated ($) | C5: Actual ($) | D5: Variance ($)
A6: S3 Storage | B6: 0.5 | C6: =SUMIF('Daily Cost Tracker'!B:B,"S3",'Daily Cost Tracker'!F:F) -> 0.05 | D6: =C6-B6 -> -0.45
A7: Lambda Functions | B7: 2 | C7: =SUMIF('Daily Cost Tracker'!B:B,"Lambda",'Daily Cost Tracker'!F:F) -> 1e-05 | D7: =C7-B7 -> -1.99999
A8: Textract | B8: 7.5 | C8: =SUMIF('Daily Cost Tracker'!B:B,"Textract",'Daily Cost Tracker'!F:F) -> 2.25 | D8: =C8-B8 -> -5.25
A9: Comprehend | B9: 0.5 | C9: =SUMIF('Daily Cost Tracker'!B:B,"Comprehend",'Daily Cost Tracker'!F:F) -> 0.0025 | D9: =C9-B9 -> -0.4975
A10: API Gateway | B10: 0.1 | C10: =SUMIF('Daily Cost Tracker'!B:B,"API Gateway",'Daily Cost Tracker'!F:F) -> 0 | D10: =C10-B10 -> -0.1
A11: CloudWatch | B11: 0.5 | C11: =SUMIF('Daily Cost Tracker'!B:B,"CloudWatch",'Daily Cost Tracker'!F:F) -> 0 | D11: =C11-B11 -> -0.5
A12: Other Services | B12: 0 | C12: =SUMIF('Daily Cost Tracker'!B:B,"Other",'Daily Cost Tracker'!F:F) -> 0 | D12: =C12-B12 -> 0
A13: TOTAL | B13: =SUM(B6:B12) -> 11.1 | C13: =SUM(C6:C12) -> 2.30251 | D13: =C13-B13 -> -8.79749
A16: Monthly Production Cost Model (500 documents)
A18: Service | B18: Usage | C18: Unit Cost | D18: Monthly Cost ($)
A19: S3 Storage | B19: 50 GB | C19: $0.023/GB | D19: 1.15
A20: S3 Requests | B20: 3,000 requests | C20: $0.005/1K PUT | D20: 0.01
A21: Lambda | B21: 1,500 invocations | C21: $0.0000166667/GB-sec | D21: 1.25
A22: Textract | B22: 1,000 pages | C22: $1.50/1K pages | D22: 1.5
A23: Comprehend | B23: 100,000 units | C23: $0.0001/unit | D23: 10
A24: API Gateway | B24: 1,500 requests | C24: $3.50/million | D24: 0.01
A25: CloudWatch Logs | B25: 5 GB | C25: $0.50/GB | D25: 2
A26: Data Transfer | B26: 10 GB out | C26: $0.09/GB | D26: 0.9
A27: MONTHLY TOTAL | D27: =SUM(D19:D26) -> 16.82
A28: ANNUAL COST | D28: =D27*12 -> 201.84
A31: ROI Analysis
B33: Manual Process | C33: Automated Process
A34: Monthly staff time (hours) | B34: 25 | C34: 4.2
A35: Hourly rate | B35: 25 | C35: 25
A36: Monthly labor cost | B36: 0 | C36: =D27 -> 16.82
A37: Monthly AWS cost | B37: 0 | C37: =D27 -> 16.82
A38: TOTAL MONTHLY COST | B38: =B35 -> 25 | C38: =C35+C36 -> 41.82
A40: Monthly Savings | C40: =B37-C37 -> -16.82
A41: Annual Savings | C41: =C39*12 -> 0
A42: ROI % | C42: =(C40/D27)/12*100 -> -8.3333333

Sheet Cost Alert Setup
A1: AWS Cost Explorer & Budget Alert Setup Guide
A3: Step 1: Enable Cost Explorer
A4: 1. Log into AWS Console
A5: 2. Navigate to: Billing Dashboard > Cost Explorer
A6: 3. Click 'Enable Cost Explorer'
A7: 4. Wait 24 hours for data population
A9: Step 2: Create Budget Alert
A10: 1. Go to: Billing Dashboard > Budgets
A11: 2. Click 'Create budget'
A12: 3. Select 'Monthly cost budget'
A13: 4. Set budget amount: $25.00 (recommended)
A14: 5. Set alert threshold: 80% ($20.00)
... A23: Recommended Alert Thresholds:
A24: • 50% of budget: Warning email | B24: Helps catch runaway costs early
A25: • 80% of budget: Alert email | B25: Time to review usage
A26: • 100% of budget: Critical alert | B26: Stop non-essential testing
A28: Free Tier Limits to Monitor:
A29: • Lambda: 1M requests/month | B29: Track in Cost Explorer
A30: • Textract: 1,000 pages/month (3 months) | B30: Keep count in tracker
A31: • Comprehend: 50K units/month (12 months) | B31: Monitor usage closely
A32: • S3: 5GB storage, 20K GET, 2K PUT | B32: Check S3 metrics
